Name,Sub category,Date,Accounts list link,Outreach category,Satus,# of companies in the list,# of companies with contacts found,% of companies with contacts found,# of contacts,# of emails found,% of emails found,# of contacts successfully pushed to campaign,% of contacts successfully pushed to campaign,# of mails opened,Open rate,# of mails clicks,Click rate,# of meetings booked,% of meetings booked
Inbound sequences,Email 1,6 August 2026,,Inbound Sequence,Campaign is live,212,212,100.00%,212,212,100.00%,204,96.23%,14,6.86%,5,2.45%,1,
,Email 2,,,,,109,109,100.00%,109,109,100.00%,106,97.25%,5,4.72%,1,0.94%,,
,Email 3,,,,,105,105,100.00%,105,105,100.00%,98,93.33%,14,14.29%,0,0.00%,,
,Email 4,,,,,98,98,100.00%,98,98,100.00%,90,91.84%,4,4.44%,0,0.00%,,
Clay accounts enrichment,Email 1,27 August 2026,,Clay + Smartleads,Campaign is live,300,181,60.33%,366,316,86.34%,317,86.61%,231,72.87%,0,0.00%,,
,Email 2,,,,,,,,,,,,,297,81.15%,211,71.04%,144,48.48%
,Email 3,,,,,,,,,,,,,289,78.96%,162,56.06%,0,0.00%
,Email 4,,,,,,,,,,,,,,,,,,
Hubspot intent,,,,Hubspot Intent,Enriched,,,,,,,,,,,,,,
